年度,試験区分,大問,小問,問題ID,大問タイトル,タグ1,タグ2,タグ3,難易度(1-5),難易度ラベル,目安時間(元データ),配点,必解,フェーズ(前半/後半),問題タイプ(計算/図形/文章…),メモ(解法/典型/ミス),出典URL,分野キー,分野名,分野タイプ,フェーズ,解答済み,最新結果,目安時間(分),解答時間(分),目安配点,得点(計算),ミス分類,原因(推定),改善アクション,復習間隔(日),次回復習日,要復習(期限切れ),優先度スコア,最終ログ行(内部),最終実施日(内部),期限切れキー(内部),7日以内キー(内部),誤答キー(内部),TagGroup(集計),正答(テキスト),単位,正答メモ(AnswerKey備考),和暦
2025,A日程,1,(1),R7-Q1(1),計算・小問集合（Q1）,数値,計算,分数;小数;四則,1,標準,2,,Y,,計算,計算ミス防止：途中式を整理,exam_rakunan_2025.pdf (answer sheet: 2025_last.png),2025-Q1,0,0,0,,,3,,5.357142857142857,,,,,,,,,,,,,,,,,,R7
2025,A日程,1,(2),R7-Q1(2),計算・小問集合（Q1）,数値,計算,分数;小数;四則,1,標準,2,,Y,,計算,計算ミス防止：途中式を整理,exam_rakunan_2025.pdf (answer sheet: 2025_last.png),2025-Q1,0,0,0,,,3,,5.357142857142857,,,,,,,,,,,,,,,,,,R7
2025,A日程,1,(3),R7-Q1(3),計算・小問集合（Q1）,数値,計算,分数;小数;四則,1,標準,2,,Y,,計算,計算ミス防止：途中式を整理,exam_rakunan_2025.pdf (answer sheet: 2025_last.png),2025-Q1,0,0,0,,,3,,5.357142857142857,,,,,,,,,,,,,,,,,,R7
2025,A日程,1,(4),R7-Q1(4),計算・小問集合（Q1）,数値,計算,分数;小数;四則,1,標準,2,,Y,,計算,計算ミス防止：途中式を整理,exam_rakunan_2025.pdf (answer sheet: 2025_last.png),2025-Q1,0,0,0,,,3,,5.357142857142857,,,,,,,,,,,,,,,,,,R7
2025,A日程,1,(5),R7-Q1(5),計算・小問集合（Q1）,数値,計算,分数;小数;四則,1,標準,2,,Y,,計算,計算ミス防止：途中式を整理,exam_rakunan_2025.pdf (answer sheet: 2025_last.png),2025-Q1,0,0,0,,,3,,5.357142857142857,,,,,,,,,,,,,,,,,,R7
2025,A日程,2,ア,R7-Q2ア,小問（Q2）,数値,割合/比,比;比例;文章題,2,やや難,3,,Y,,文章題,比の設定→式化→検算,exam_rakunan_2025.pdf (answer sheet: 2025_last.png),2025-Q2,0,0,0,,,5,,5.357142857142857,,,,,,,,,,,,,,,,,,R7
2025,A日程,2,イ,R7-Q2イ,小問（Q2）,数値,割合/比,比;比例;文章題,2,やや難,3,,Y,,文章題,比の設定→式化→検算,exam_rakunan_2025.pdf (answer sheet: 2025_last.png),2025-Q2,0,0,0,,,5,,5.357142857142857,,,,,,,,,,,,,,,,,,R7
2025,A日程,3,(1),R7-Q3(1),小問（Q3）,数値,図形,平面図形;比;面積,3,難,4,,N,,図形,相似/面積比を意識,exam_rakunan_2025.pdf (answer sheet: 2025_last.png),2025-Q3,0,0,0,,,8,,5.357142857142857,,,,,,,,,,,,,,,,,,R7
2025,A日程,3,(2),R7-Q3(2),小問（Q3）,数値,図形,平面図形;比;面積,3,難,4,,N,,図形,相似/面積比を意識,exam_rakunan_2025.pdf (answer sheet: 2025_last.png),2025-Q3,0,0,0,,,8,,5.357142857142857,,,,,,,,,,,,,,,,,,R7
2025,A日程,3,(3),R7-Q3(3),小問（Q3）,数値,図形,平面図形;比;面積,3,難,4,,N,,図形,相似/面積比を意識,exam_rakunan_2025.pdf (answer sheet: 2025_last.png),2025-Q3,0,0,0,,,8,,5.357142857142857,,,,,,,,,,,,,,,,,,R7
2025,A日程,4,(1),R7-Q4(1),小問（Q4）,数値,規則性/場合の数,数列;条件整理,3,難,4,,N,,規則性,条件を表にして網羅,exam_rakunan_2025.pdf (answer sheet: 2025_last.png),2025-Q4,0,0,0,,,8,,5.357142857142857,,,,,,,,,,,,,,,,,,R7
2025,A日程,4,(2),R7-Q4(2),小問（Q4）,数値,規則性/場合の数,数列;条件整理,3,難,4,,N,,規則性,条件を表にして網羅,exam_rakunan_2025.pdf (answer sheet: 2025_last.png),2025-Q4,0,0,0,,,8,,5.357142857142857,,,,,,,,,,,,,,,,,,R7
2025,A日程,4,(3)ア,R7-Q4(3)ア,小問（Q4）,数値,規則性/場合の数,数列;条件整理,3,難,4,,N,,規則性,条件を表にして網羅,exam_rakunan_2025.pdf (answer sheet: 2025_last.png),2025-Q4,0,0,0,,,8,,5.357142857142857,,,,,,,,,,,,,,,,,,R7
2025,A日程,4,(3)イ,R7-Q4(3)イ,小問（Q4）,数値,規則性/場合の数,数列;条件整理,3,難,4,,N,,規則性,条件を表にして網羅,exam_rakunan_2025.pdf (answer sheet: 2025_last.png),2025-Q4,0,0,0,,,8,,5.357142857142857,,,,,,,,,,,,,,,,,,R7
2025,A日程,5,(1)A,R7-Q5(1)A,グラフ・図の読取/作図（Q5）,数値/作図,データ/図表,図表;条件;場合分け,4,かなり難,6,,N,,図表,図を書き、条件を満たす配置を確認,exam_rakunan_2025.pdf (answer sheet: 2025_last.png),2025-Q5,0,0,0,,,11,,5.357142857142857,,,,,,,,,,,,,,,,,,R7
2025,A日程,5,(1)B,R7-Q5(1)B,グラフ・図の読取/作図（Q5）,数値/作図,データ/図表,図表;条件;場合分け,4,かなり難,6,,N,,図表,図を書き、条件を満たす配置を確認,exam_rakunan_2025.pdf (answer sheet: 2025_last.png),2025-Q5,0,0,0,,,11,,5.357142857142857,,,,,,,,,,,,,,,,,,R7
2025,A日程,5,(1)C,R7-Q5(1)C,グラフ・図の読取/作図（Q5）,数値/作図,データ/図表,図表;条件;場合分け,4,かなり難,6,,N,,図表,図を書き、条件を満たす配置を確認,exam_rakunan_2025.pdf (answer sheet: 2025_last.png),2025-Q5,0,0,0,,,11,,5.357142857142857,,,,,,,,,,,,,,,,,,R7
2025,A日程,5,(1)D,R7-Q5(1)D,グラフ・図の読取/作図（Q5）,数値/作図,データ/図表,図表;条件;場合分け,4,かなり難,6,,N,,図表,図を書き、条件を満たす配置を確認,exam_rakunan_2025.pdf (answer sheet: 2025_last.png),2025-Q5,0,0,0,,,11,,5.357142857142857,,,,,,,,,,,,,,,,,,R7
2025,A日程,5,(1)棒,R7-Q5(1)棒,グラフ・図の読取/作図（Q5）,数値/作図,データ/図表,図表;条件;場合分け,4,かなり難,6,,N,,図表,図を書き、条件を満たす配置を確認,exam_rakunan_2025.pdf (answer sheet: 2025_last.png),2025-Q5,0,0,0,,,11,,5.357142857142857,,,,,,,,,,,,,,,,,,R7
2025,A日程,5,(2)C,R7-Q5(2)C,グラフ・図の読取/作図（Q5）,数値/作図,データ/図表,図表;条件;場合分け,4,かなり難,6,,N,,図表,図を書き、条件を満たす配置を確認,exam_rakunan_2025.pdf (answer sheet: 2025_last.png),2025-Q5,0,0,0,,,11,,5.357142857142857,,,,,,,,,,,,,,,,,,R7
2025,A日程,5,(2)棒,R7-Q5(2)棒,グラフ・図の読取/作図（Q5）,数値/作図,データ/図表,図表;条件;場合分け,4,かなり難,6,,N,,図表,図を書き、条件を満たす配置を確認,exam_rakunan_2025.pdf (answer sheet: 2025_last.png),2025-Q5,0,0,0,,,11,,5.357142857142857,,,,,,,,,,,,,,,,,,R7
2025,A日程,6,(1),R7-Q6(1),速さ・比（Q6）,数値,速さ,速さ;比;時間,4,かなり難,6,,N,,文章題,距離=速さ×時間を統一単位で,exam_rakunan_2025.pdf (answer sheet: 2025_last.png),2025-Q6,0,0,0,,,11,,5.357142857142857,,,,,,,,,,,,,,,,,,R7
2025,A日程,6,(2),R7-Q6(2),速さ・比（Q6）,数値,速さ,速さ;比;時間,4,かなり難,6,,N,,文章題,距離=速さ×時間を統一単位で,exam_rakunan_2025.pdf (answer sheet: 2025_last.png),2025-Q6,0,0,0,,,11,,5.357142857142857,,,,,,,,,,,,,,,,,,R7
2025,A日程,6,(3),R7-Q6(3),速さ・比（Q6）,数値,速さ,速さ;比;時間,4,かなり難,6,,N,,文章題,距離=速さ×時間を統一単位で,exam_rakunan_2025.pdf (answer sheet: 2025_last.png),2025-Q6,0,0,0,,,11,,5.357142857142857,,,,,,,,,,,,,,,,,,R7
2025,A日程,6,(4),R7-Q6(4),速さ・比（Q6）,数値,速さ,速さ;比;時間,4,かなり難,6,,N,,文章題,距離=速さ×時間を統一単位で,exam_rakunan_2025.pdf (answer sheet: 2025_last.png),2025-Q6,0,0,0,,,11,,5.357142857142857,,,,,,,,,,,,,,,,,,R7
2025,A日程,7,イ,R7-Q7イ,大問7（Q7）,数値,図形/立体,立体;切断;体積,5,最難,10,,N,,立体図形,断面図→相似/体積比,exam_rakunan_2025.pdf (answer sheet: 2025_last.png),2025-Q7,大問8,0,0,,,14,,5.357142857142857,,,,,,,,,,,,,,,,,,R7
2025,A日程,7,ウ,R7-Q7ウ,大問7（Q7）,数値,図形/立体,立体;切断;体積,5,最難,10,,N,,立体図形,断面図→相似/体積比,exam_rakunan_2025.pdf (answer sheet: 2025_last.png),2025-Q7,大問8,0,0,,,14,,5.357142857142857,,,,,,,,,,,,,,,,,,R7
2025,A日程,7,エ,R7-Q7エ,大問7（Q7）,数値,図形/立体,立体;切断;体積,5,最難,10,,N,,立体図形,断面図→相似/体積比,exam_rakunan_2025.pdf (answer sheet: 2025_last.png),2025-Q7,大問8,0,0,,,14,,5.357142857142857,,,,,,,,,,,,,,,,,,R7
2024,A日程,1,(1),R6-Q1(1),計算・小問集合（Q1）,数値,計算,分数;小数;四則,1,標準,2,,Y,,計算,途中式を整理し符号ミスに注意,exam_rakunan_2024.pdf (answer sheet: 2024_last.png),2024-Q1,0,0,0,,,3,,6,,,,,,,,,,,,,,,,,,R6
2024,A日程,1,(2),R6-Q1(2),計算・小問集合（Q1）,数値,計算,分数;小数;四則,1,標準,2,,Y,,計算,途中式を整理し符号ミスに注意,exam_rakunan_2024.pdf (answer sheet: 2024_last.png),2024-Q1,0,0,0,,,3,,6,,,,,,,,,,,,,,,,,,R6
2024,A日程,1,(3),R6-Q1(3),計算・小問集合（Q1）,数値,計算,分数;小数;四則,1,標準,2,,Y,,計算,途中式を整理し符号ミスに注意,exam_rakunan_2024.pdf (answer sheet: 2024_last.png),2024-Q1,0,0,0,,,3,,6,,,,,,,,,,,,,,,,,,R6
2024,A日程,1,(4),R6-Q1(4),計算・小問集合（Q1）,数値,計算,分数;小数;四則,1,標準,2,,Y,,計算,途中式を整理し符号ミスに注意,exam_rakunan_2024.pdf (answer sheet: 2024_last.png),2024-Q1,0,0,0,,,3,,6,,,,,,,,,,,,,,,,,,R6
2024,A日程,2,(1),R6-Q2(1),小問（Q2）,数値,割合/比,割合;比;文章題,2,やや難,3,,Y,,文章題,比を立てて式化,exam_rakunan_2024.pdf (answer sheet: 2024_last.png),2024-Q2,0,0,0,,,5,,6,,,,,,,,,,,,,,,,,,R6
2024,A日程,2,(2),R6-Q2(2),小問（Q2）,数値,割合/比,割合;比;文章題,2,やや難,3,,Y,,文章題,比を立てて式化,exam_rakunan_2024.pdf (answer sheet: 2024_last.png),2024-Q2,0,0,0,,,5,,6,,,,,,,,,,,,,,,,,,R6
2024,A日程,3,(1),R6-Q3(1),小問（Q3）,数値,図形,平面図形;角度;面積,3,難,4,,N,,図形,補助線・相似/合同を検討,exam_rakunan_2024.pdf (answer sheet: 2024_last.png),2024-Q3,0,0,0,,,8,,6,,,,,,,,,,,,,,,,,,R6
2024,A日程,3,(2),R6-Q3(2),小問（Q3）,数値,図形,平面図形;角度;面積,3,難,4,,N,,図形,補助線・相似/合同を検討,exam_rakunan_2024.pdf (answer sheet: 2024_last.png),2024-Q3,0,0,0,,,8,,6,,,,,,,,,,,,,,,,,,R6
2024,A日程,3,(3),R6-Q3(3),小問（Q3）,数値,図形,平面図形;角度;面積,3,難,4,,N,,図形,補助線・相似/合同を検討,exam_rakunan_2024.pdf (answer sheet: 2024_last.png),2024-Q3,0,0,0,,,8,,6,,,,,,,,,,,,,,,,,,R6
2024,A日程,4,ア,R6-Q4ア,小問（Q4）,数値,数の性質,約数;倍数;余り,3,難,4,,N,,数の性質,条件を式にして整除性を利用,exam_rakunan_2024.pdf (answer sheet: 2024_last.png),2024-Q4,0,0,0,,,8,,6,,,,,,,,,,,,,,,,,,R6
2024,A日程,4,イ,R6-Q4イ,小問（Q4）,数値,数の性質,約数;倍数;余り,3,難,4,,N,,数の性質,条件を式にして整除性を利用,exam_rakunan_2024.pdf (answer sheet: 2024_last.png),2024-Q4,0,0,0,,,8,,6,,,,,,,,,,,,,,,,,,R6
2024,A日程,4,ウ,R6-Q4ウ,小問（Q4）,数値,数の性質,約数;倍数;余り,3,難,4,,N,,数の性質,条件を式にして整除性を利用,exam_rakunan_2024.pdf (answer sheet: 2024_last.png),2024-Q4,0,0,0,,,8,,6,,,,,,,,,,,,,,,,,,R6
2024,A日程,5,(1),R6-Q5(1),小問（Q5）,数値,場合の数,順列;条件整理,4,かなり難,6,,N,,場合の数,重複/漏れに注意して数え上げ,exam_rakunan_2024.pdf (answer sheet: 2024_last.png),2024-Q5,0,0,0,,,11,,6,,,,,,,,,,,,,,,,,,R6
2024,A日程,5,(2),R6-Q5(2),小問（Q5）,数値,場合の数,順列;条件整理,4,かなり難,6,,N,,場合の数,重複/漏れに注意して数え上げ,exam_rakunan_2024.pdf (answer sheet: 2024_last.png),2024-Q5,0,0,0,,,11,,6,,,,,,,,,,,,,,,,,,R6
2024,A日程,5,(3),R6-Q5(3),小問（Q5）,数値,場合の数,順列;条件整理,4,かなり難,6,,N,,場合の数,重複/漏れに注意して数え上げ,exam_rakunan_2024.pdf (answer sheet: 2024_last.png),2024-Q5,0,0,0,,,11,,6,,,,,,,,,,,,,,,,,,R6
2024,A日程,6,(1),R6-Q6(1),小問（Q6）,数値,速さ/比,速さ;比;時間,4,かなり難,6,,N,,文章題,グラフ化/区間ごとに整理,exam_rakunan_2024.pdf (answer sheet: 2024_last.png),2024-Q6,0,0,0,,,11,,6,,,,,,,,,,,,,,,,,,R6
2024,A日程,6,(2),R6-Q6(2),小問（Q6）,数値,速さ/比,速さ;比;時間,4,かなり難,6,,N,,文章題,グラフ化/区間ごとに整理,exam_rakunan_2024.pdf (answer sheet: 2024_last.png),2024-Q6,0,0,0,,,11,,6,,,,,,,,,,,,,,,,,,R6
2024,A日程,6,(3),R6-Q6(3),小問（Q6）,数値,速さ/比,速さ;比;時間,4,かなり難,6,,N,,文章題,グラフ化/区間ごとに整理,exam_rakunan_2024.pdf (answer sheet: 2024_last.png),2024-Q6,0,0,0,,,11,,6,,,,,,,,,,,,,,,,,,R6
2024,A日程,7,(1),R6-Q7(1),大問7（Q7）,数値,立体図形,体積;切断;比,5,最難,10,,N,,立体図形,断面・相似→体積比,exam_rakunan_2024.pdf (answer sheet: 2024_last.png),2024-Q7,大問8,0,0,,,14,,6,,,,,,,,,,,,,,,,,,R6
2024,A日程,7,(2),R6-Q7(2),大問7（Q7）,数値,立体図形,体積;切断;比,5,最難,10,,N,,立体図形,断面・相似→体積比,exam_rakunan_2024.pdf (answer sheet: 2024_last.png),2024-Q7,大問8,0,0,,,14,,6,,,,,,,,,,,,,,,,,,R6
2024,A日程,7,(3),R6-Q7(3),大問7（Q7）,数値,立体図形,体積;切断;比,5,最難,10,,N,,立体図形,断面・相似→体積比,exam_rakunan_2024.pdf (answer sheet: 2024_last.png),2024-Q7,大問8,0,0,,,14,,6,,,,,,,,,,,,,,,,,,R6
2024,A日程,8,(1)①,R6-Q8(1)①,大問8（Q8）,個数/体積,立体図形,立方体;積み上げ;体積,5,最難,10,,N,,立体図形,個数と体積を条件から連立,exam_rakunan_2024.pdf (answer sheet: 2024_last.png),2024-Q8,大問7,0,0,,,14,,6,,,,,,,,,,,,,,,,,,R6
2024,A日程,8,(1)②,R6-Q8(1)②,大問8（Q8）,個数/体積,立体図形,立方体;積み上げ;体積,5,最難,10,,N,,立体図形,個数と体積を条件から連立,exam_rakunan_2024.pdf (answer sheet: 2024_last.png),2024-Q8,大問7,0,0,,,14,,6,,,,,,,,,,,,,,,,,,R6
2024,A日程,8,(2)①,R6-Q8(2)①,大問8（Q8）,個数/体積,立体図形,立方体;積み上げ;体積,5,最難,10,,N,,立体図形,個数と体積を条件から連立,exam_rakunan_2024.pdf (answer sheet: 2024_last.png),2024-Q8,大問7,0,0,,,14,,6,,,,,,,,,,,,,,,,,,R6
2024,A日程,8,(2)②,R6-Q8(2)②,大問8（Q8）,個数/体積,立体図形,立方体;積み上げ;体積,5,最難,10,,N,,立体図形,個数と体積を条件から連立,exam_rakunan_2024.pdf (answer sheet: 2024_last.png),2024-Q8,大問7,0,0,,,14,,6,,,,,,,,,,,,,,,,,,R6
2023,A日程,1,(1),R5-Q1(1),計算・小問集合（Q1）,数値,計算,分数;小数;四則,1,標準,2,,Y,,計算,計算手順を固定して検算,exam_rakunan_2023.pdf (answer sheet: 2023_last.png),2023-Q1,0,0,0,,,3,,5,,,,,,,,,,,,,,,,,,R5
2023,A日程,1,(2),R5-Q1(2),計算・小問集合（Q1）,数値,計算,分数;小数;四則,1,標準,2,,Y,,計算,計算手順を固定して検算,exam_rakunan_2023.pdf (answer sheet: 2023_last.png),2023-Q1,0,0,0,,,3,,5,,,,,,,,,,,,,,,,,,R5
2023,A日程,1,(3),R5-Q1(3),計算・小問集合（Q1）,数値,計算,分数;小数;四則,1,標準,2,,Y,,計算,計算手順を固定して検算,exam_rakunan_2023.pdf (answer sheet: 2023_last.png),2023-Q1,0,0,0,,,3,,5,,,,,,,,,,,,,,,,,,R5
2023,A日程,1,(4),R5-Q1(4),計算・小問集合（Q1）,数値,計算,分数;小数;四則,1,標準,2,,Y,,計算,計算手順を固定して検算,exam_rakunan_2023.pdf (answer sheet: 2023_last.png),2023-Q1,0,0,0,,,3,,5,,,,,,,,,,,,,,,,,,R5
2023,A日程,1,(5),R5-Q1(5),計算・小問集合（Q1）,数値,計算,分数;小数;四則,1,標準,2,,Y,,計算,計算手順を固定して検算,exam_rakunan_2023.pdf (answer sheet: 2023_last.png),2023-Q1,0,0,0,,,3,,5,,,,,,,,,,,,,,,,,,R5
2023,A日程,1,(6),R5-Q1(6),計算・小問集合（Q1）,数値,計算,分数;小数;四則,1,標準,2,,Y,,計算,計算手順を固定して検算,exam_rakunan_2023.pdf (answer sheet: 2023_last.png),2023-Q1,0,0,0,,,3,,5,,,,,,,,,,,,,,,,,,R5
2023,A日程,2,ア,R5-Q2ア,小問（Q2）,数値,数の性質/文章題,条件整理;整数,2,やや難,3,,Y,,数の性質,条件を式/表に落とす,exam_rakunan_2023.pdf (answer sheet: 2023_last.png),2023-Q2,0,0,0,,,5,,5,,,,,,,,,,,,,,,,,,R5
2023,A日程,2,イ,R5-Q2イ,小問（Q2）,数値,数の性質/文章題,条件整理;整数,2,やや難,3,,Y,,数の性質,条件を式/表に落とす,exam_rakunan_2023.pdf (answer sheet: 2023_last.png),2023-Q2,0,0,0,,,5,,5,,,,,,,,,,,,,,,,,,R5
2023,A日程,2,ウ,R5-Q2ウ,小問（Q2）,数値,数の性質/文章題,条件整理;整数,2,やや難,3,,Y,,数の性質,条件を式/表に落とす,exam_rakunan_2023.pdf (answer sheet: 2023_last.png),2023-Q2,0,0,0,,,5,,5,,,,,,,,,,,,,,,,,,R5
2023,A日程,2,エ,R5-Q2エ,小問（Q2）,数値,数の性質/文章題,条件整理;整数,2,やや難,3,,Y,,数の性質,条件を式/表に落とす,exam_rakunan_2023.pdf (answer sheet: 2023_last.png),2023-Q2,0,0,0,,,5,,5,,,,,,,,,,,,,,,,,,R5
2023,A日程,3,(1),R5-Q3(1),図形・配置（Q3）,数値/位置,図形/規則性,配置;条件整理,3,難,5,,N,,図形,図に書き込み、対称性/規則を利用,exam_rakunan_2023.pdf (answer sheet: 2023_last.png),2023-Q3,0,0,0,,,8,,5,,,,,,,,,,,,,,,,,,R5
2023,A日程,3,(2)A,R5-Q3(2)A,図形・配置（Q3）,数値/位置,図形/規則性,配置;条件整理,3,難,5,,N,,図形,図に書き込み、対称性/規則を利用,exam_rakunan_2023.pdf (answer sheet: 2023_last.png),2023-Q3,0,0,0,,,8,,5,,,,,,,,,,,,,,,,,,R5
2023,A日程,3,(2)B,R5-Q3(2)B,図形・配置（Q3）,数値/位置,図形/規則性,配置;条件整理,3,難,5,,N,,図形,図に書き込み、対称性/規則を利用,exam_rakunan_2023.pdf (answer sheet: 2023_last.png),2023-Q3,0,0,0,,,8,,5,,,,,,,,,,,,,,,,,,R5
2023,A日程,3,(2)C,R5-Q3(2)C,図形・配置（Q3）,数値/位置,図形/規則性,配置;条件整理,3,難,5,,N,,図形,図に書き込み、対称性/規則を利用,exam_rakunan_2023.pdf (answer sheet: 2023_last.png),2023-Q3,0,0,0,,,8,,5,,,,,,,,,,,,,,,,,,R5
2023,A日程,3,(2)D,R5-Q3(2)D,図形・配置（Q3）,数値/位置,図形/規則性,配置;条件整理,3,難,5,,N,,図形,図に書き込み、対称性/規則を利用,exam_rakunan_2023.pdf (answer sheet: 2023_last.png),2023-Q3,0,0,0,,,8,,5,,,,,,,,,,,,,,,,,,R5
2023,A日程,4,(1),R5-Q4(1),比・長さ（Q4）,比/長さ,比/図形,比;長さ;文章題,3,難,5,,N,,文章題,比をそろえて式化,exam_rakunan_2023.pdf (answer sheet: 2023_last.png),2023-Q4,0,0,0,,,8,,5,,,,,,,,,,,,,,,,,,R5
2023,A日程,4,(2),R5-Q4(2),比・長さ（Q4）,比/長さ,比/図形,比;長さ;文章題,3,難,5,,N,,文章題,比をそろえて式化,exam_rakunan_2023.pdf (answer sheet: 2023_last.png),2023-Q4,0,0,0,,,8,,5,,,,,,,,,,,,,,,,,,R5
2023,A日程,5,(1),R5-Q5(1),角度・比（Q5）,角度/倍率,図形,角度;相似,4,かなり難,6,,N,,図形,円周角/相似を疑う,exam_rakunan_2023.pdf (answer sheet: 2023_last.png),2023-Q5,0,0,0,,,11,,5,,,,,,,,,,,,,,,,,,R5
2023,A日程,5,(2),R5-Q5(2),角度・比（Q5）,角度/倍率,図形,角度;相似,4,かなり難,6,,N,,図形,円周角/相似を疑う,exam_rakunan_2023.pdf (answer sheet: 2023_last.png),2023-Q5,0,0,0,,,11,,5,,,,,,,,,,,,,,,,,,R5
2023,A日程,6,(1),R5-Q6(1),線分比・面積比（Q6）,比,図形,相似;比;面積比,4,かなり難,6,,N,,図形,比→面積比へ変換,exam_rakunan_2023.pdf (answer sheet: 2023_last.png),2023-Q6,0,0,0,,,11,,5,,,,,,,,,,,,,,,,,,R5
2023,A日程,6,(2),R5-Q6(2),線分比・面積比（Q6）,比,図形,相似;比;面積比,4,かなり難,6,,N,,図形,比→面積比へ変換,exam_rakunan_2023.pdf (answer sheet: 2023_last.png),2023-Q6,0,0,0,,,11,,5,,,,,,,,,,,,,,,,,,R5
2023,A日程,7,(1),R5-Q7(1),大問7（Q7）,数値,立体図形,立体;体積;表面積,5,最難,10,,N,,立体図形,体積/表面積の関係整理,exam_rakunan_2023.pdf (answer sheet: 2023_last.png),2023-Q7,大問7,0,0,,,14,,5,,,,,,,,,,,,,,,,,,R5
2023,A日程,7,(2)ア,R5-Q7(2)ア,大問7（Q7）,数値,立体図形,立体;体積;表面積,5,最難,10,,N,,立体図形,体積/表面積の関係整理,exam_rakunan_2023.pdf (answer sheet: 2023_last.png),2023-Q7,大問7,0,0,,,14,,5,,,,,,,,,,,,,,,,,,R5
2023,A日程,7,(2)イ,R5-Q7(2)イ,大問7（Q7）,数値,立体図形,立体;体積;表面積,5,最難,10,,N,,立体図形,体積/表面積の関係整理,exam_rakunan_2023.pdf (answer sheet: 2023_last.png),2023-Q7,大問7,0,0,,,14,,5,,,,,,,,,,,,,,,,,,R5
2023,A日程,7,(2)ウ,R5-Q7(2)ウ,大問7（Q7）,数値,立体図形,立体;体積;表面積,5,最難,10,,N,,立体図形,体積/表面積の関係整理,exam_rakunan_2023.pdf (answer sheet: 2023_last.png),2023-Q7,大問7,0,0,,,14,,5,,,,,,,,,,,,,,,,,,R5
2023,A日程,7,(2)エ,R5-Q7(2)エ,大問7（Q7）,数値,立体図形,立体;体積;表面積,5,最難,10,,N,,立体図形,体積/表面積の関係整理,exam_rakunan_2023.pdf (answer sheet: 2023_last.png),2023-Q7,大問7,0,0,,,14,,5,,,,,,,,,,,,,,,,,,R5
2023,A日程,8,(1),R5-Q8(1),大問8（Q8）,個数,場合の数/規則性,数え上げ;条件整理,5,最難,10,,N,,場合の数,漸化的に整理し漏れを防ぐ,exam_rakunan_2023.pdf (answer sheet: 2023_last.png),2023-Q8,大問7,0,0,,,14,,5,,,,,,,,,,,,,,,,,,R5
2023,A日程,8,(2)ア,R5-Q8(2)ア,大問8（Q8）,個数,場合の数/規則性,数え上げ;条件整理,5,最難,10,,N,,場合の数,漸化的に整理し漏れを防ぐ,exam_rakunan_2023.pdf (answer sheet: 2023_last.png),2023-Q8,大問7,0,0,,,14,,5,,,,,,,,,,,,,,,,,,R5
2023,A日程,8,(2)イ,R5-Q8(2)イ,大問8（Q8）,個数,場合の数/規則性,数え上げ;条件整理,5,最難,10,,N,,場合の数,漸化的に整理し漏れを防ぐ,exam_rakunan_2023.pdf (answer sheet: 2023_last.png),2023-Q8,大問7,0,0,,,14,,5,,,,,,,,,,,,,,,,,,R5
2023,A日程,8,(2)ウ,R5-Q8(2)ウ,大問8（Q8）,個数,場合の数/規則性,数え上げ;条件整理,5,最難,10,,N,,場合の数,漸化的に整理し漏れを防ぐ,exam_rakunan_2023.pdf (answer sheet: 2023_last.png),2023-Q8,大問7,0,0,,,14,,5,,,,,,,,,,,,,,,,,,R5
2022,A日程,1,(1),R4-Q1(1),計算（Q1）,数値,計算,分数;小数;四則,1,標準,2,,Y,,計算,計算順序・約分を丁寧に,exam_rakunan_2022.pdf (render_auto/2022/p01-07.png),2022-Q1,0,0,0,,,3,,5.769230769230769,,,,,,,,,,,,,,,27/58,0,0,R4
2022,A日程,1,(2),R4-Q1(2),計算（Q1）,数値,計算,分数;小数;四則,1,標準,2,,Y,,計算,計算順序・約分を丁寧に,exam_rakunan_2022.pdf (render_auto/2022/p01-07.png),2022-Q1,0,0,0,,,3,,5.769230769230769,,,,,,,,,,,,,,,15/16,0,0,R4
2022,A日程,1,(3),R4-Q1(3),計算（Q1）,数値,計算,分数;小数;四則,1,標準,2,,Y,,計算,計算順序・約分を丁寧に,exam_rakunan_2022.pdf (render_auto/2022/p01-07.png),2022-Q1,0,0,0,,,3,,5.769230769230769,,,,,,,,,,,,,,,126,0,0,R4
2022,A日程,1,(4),R4-Q1(4),計算（Q1）,数値,計算,分数;小数;四則,1,標準,2,,Y,,計算,計算順序・約分を丁寧に,exam_rakunan_2022.pdf (render_auto/2022/p01-07.png),2022-Q1,0,0,0,,,3,,5.769230769230769,,,,,,,,,,,,,,,202.2,0,0,R4
2022,A日程,1,(5),R4-Q1(5),計算（Q1）,数値,計算,分数;小数;四則,1,標準,2,,Y,,計算,計算順序・約分を丁寧に,exam_rakunan_2022.pdf (render_auto/2022/p01-07.png),2022-Q1,0,0,0,,,3,,5.769230769230769,,,,,,,,,,,,,,,10,0,0,R4
2022,A日程,1,(6),R4-Q1(6),計算（Q1）,数値,計算,分数;小数;四則,1,標準,2,,Y,,計算,計算順序・約分を丁寧に,exam_rakunan_2022.pdf (render_auto/2022/p01-07.png),2022-Q1,0,0,0,,,3,,5.769230769230769,,,,,,,,,,,,,,,31,0,0,R4
2022,A日程,2,ア,R4-Q2ア,速さ（Q2）,時刻/時間,速さ,速さ;時間;文章題,3,難,5,,Y,,文章題,区間ごとに距離をそろえる,exam_rakunan_2022.pdf (render_auto/2022/p01-07.png),2022-Q2,0,0,0,,,8,,5.769230769230769,,,,,,,,,,,,,,,50,分後,0,R4
2022,A日程,2,イ,R4-Q2イ,速さ（Q2）,時刻/時間,速さ,速さ;時間;文章題,3,難,5,,Y,,文章題,区間ごとに距離をそろえる,exam_rakunan_2022.pdf (render_auto/2022/p01-07.png),2022-Q2,0,0,0,,,8,,5.769230769230769,,,,,,,,,,,,,,,74,分後,0,R4
2022,A日程,2,ウ,R4-Q2ウ,速さ（Q2）,時刻/時間,速さ,速さ;時間;文章題,3,難,5,,Y,,文章題,区間ごとに距離をそろえる,exam_rakunan_2022.pdf (render_auto/2022/p01-07.png),2022-Q2,0,0,0,,,8,,5.769230769230769,,,,,,,,,,,,,,,90,分後,0,R4
2022,A日程,3,ア,R4-Q3ア,食塩水（Q3）,濃度/量,割合,濃度;割合;混合,3,難,5,,N,,文章題,食塩量の保存で式化,exam_rakunan_2022.pdf (render_auto/2022/p01-07.png),2022-Q3,0,0,0,,,8,,5.769230769230769,,,,,,,,,,,,,,,4,%,0,R4
2022,A日程,3,イ,R4-Q3イ,食塩水（Q3）,濃度/量,割合,濃度;割合;混合,3,難,5,,N,,文章題,食塩量の保存で式化,exam_rakunan_2022.pdf (render_auto/2022/p01-07.png),2022-Q3,0,0,0,,,8,,5.769230769230769,,,,,,,,,,,,,,,288,g,0,R4
2022,A日程,4,(1),R4-Q4(1),規則性（客室番号）（Q4）,数値,規則性,条件整理;整数,4,かなり難,7,,N,,規則性,条件を場合分けして数える,exam_rakunan_2022.pdf (render_auto/2022/p01-07.png),2022-Q4,0,0,0,,,11,,5.769230769230769,,,,,,,,,,,,,,,"12,14","階,番目",(1)は2つの空欄（例：12階・14番目）,R4
2022,A日程,4,(2),R4-Q4(2),規則性（客室番号）（Q4）,数値,規則性,条件整理;整数,4,かなり難,7,,N,,規則性,条件を場合分けして数える,exam_rakunan_2022.pdf (render_auto/2022/p01-07.png),2022-Q4,0,0,0,,,11,,5.769230769230769,,,,,,,,,,,,,,,0805,0,先頭0を含むので文字列扱い推奨,R4
2022,A日程,4,(3),R4-Q4(3),規則性（客室番号）（Q4）,数値,規則性,条件整理;整数,4,かなり難,7,,N,,規則性,条件を場合分けして数える,exam_rakunan_2022.pdf (render_auto/2022/p01-07.png),2022-Q4,0,0,0,,,11,,5.769230769230769,,,,,,,,,,,,,,,16,個,0,R4
2022,A日程,4,(4),R4-Q4(4),規則性（客室番号）（Q4）,数値,規則性,条件整理;整数,4,かなり難,7,,N,,規則性,条件を場合分けして数える,exam_rakunan_2022.pdf (render_auto/2022/p01-07.png),2022-Q4,0,0,0,,,11,,5.769230769230769,,,,,,,,,,,,,,,265024,0,0,R4
2022,A日程,5,(1)ア,R4-Q5(1)ア,図形の移動と面積（Q5）,面積/回数,図形/規則性,面積;操作;規則,5,最難,10,,N,,図形,1回の変化量→一般化,exam_rakunan_2022.pdf (render_auto/2022/p01-07.png),2022-Q5,0,0,0,,,14,,5.769230769230769,,,,,,,,,,,,,,,5,cm^2,0,R4
2022,A日程,5,(1)イ,R4-Q5(1)イ,図形の移動と面積（Q5）,面積/回数,図形/規則性,面積;操作;規則,5,最難,10,,N,,図形,1回の変化量→一般化,exam_rakunan_2022.pdf (render_auto/2022/p01-07.png),2022-Q5,0,0,0,,,14,,5.769230769230769,,,,,,,,,,,,,,,4,cm^2,0,R4
2022,A日程,5,(1)ウ,R4-Q5(1)ウ,図形の移動と面積（Q5）,面積/回数,図形/規則性,面積;操作;規則,5,最難,10,,N,,図形,1回の変化量→一般化,exam_rakunan_2022.pdf (render_auto/2022/p01-07.png),2022-Q5,0,0,0,,,14,,5.769230769230769,,,,,,,,,,,,,,,3,cm^2,0,R4
2022,A日程,5,(2)回数,R4-Q5(2)回数,図形の移動と面積（Q5）,面積/回数,図形/規則性,面積;操作;規則,5,最難,10,,N,,図形,1回の変化量→一般化,exam_rakunan_2022.pdf (render_auto/2022/p01-07.png),2022-Q5,0,0,0,,,14,,5.769230769230769,,,,,,,,,,,,,,,1,回,0,R4
2022,A日程,5,(2)面積,R4-Q5(2)面積,図形の移動と面積（Q5）,面積/回数,図形/規則性,面積;操作;規則,5,最難,10,,N,,図形,1回の変化量→一般化,exam_rakunan_2022.pdf (render_auto/2022/p01-07.png),2022-Q5,0,0,0,,,14,,5.769230769230769,,,,,,,,,,,,,,,6,cm^2,0,R4
2022,A日程,6,(1),R4-Q6(1),循環小数（Q6）,数値,数の性質,循環小数;位数,4,かなり難,7,,N,,数の性質,循環節と10^n倍の差を利用,exam_rakunan_2022.pdf (render_auto/2022/p01-07.png),2022-Q6,0,0,0,,,11,,5.769230769230769,,,,,,,,,,,,,,,012345679,0,先頭0を含むので文字列扱い,R4
2022,A日程,6,(2),R4-Q6(2),循環小数（Q6）,数値,数の性質,循環小数;位数,4,かなり難,7,,N,,数の性質,循環節と10^n倍の差を利用,exam_rakunan_2022.pdf (render_auto/2022/p01-07.png),2022-Q6,0,0,0,,,11,,5.769230769230769,,,,,,,,,,,,,,,27,個,0,R4
2022,A日程,7,(1)ア,R4-Q7(1)ア,立体（切断/比）（Q7）,体積/面積比,立体図形,体積;表面積;比,5,最難,12,,N,,立体図形,断面図→相似/比の追跡,exam_rakunan_2022.pdf (render_auto/2022/p01-07.png),2022-Q7,大問7,0,0,,,14,,5.769230769230769,,,,,,,,,,,,,,,9,cm^3,0,R4
2022,A日程,7,(1)イ,R4-Q7(1)イ,立体（切断/比）（Q7）,体積/面積比,立体図形,体積;表面積;比,5,最難,12,,N,,立体図形,断面図→相似/比の追跡,exam_rakunan_2022.pdf (render_auto/2022/p01-07.png),2022-Q7,大問7,0,0,,,14,,5.769230769230769,,,,,,,,,,,,,,,13.5,cm^2,0,R4
2022,A日程,7,(2)ア,R4-Q7(2)ア,立体（切断/比）（Q7）,体積/面積比,立体図形,体積;表面積;比,5,最難,12,,N,,立体図形,断面図→相似/比の追跡,exam_rakunan_2022.pdf (render_auto/2022/p01-07.png),2022-Q7,大問7,0,0,,,14,,5.769230769230769,,,,,,,,,,,,,,,2:5,0,0,R4
2022,A日程,7,(2)イ,R4-Q7(2)イ,立体（切断/比）（Q7）,体積/面積比,立体図形,体積;表面積;比,5,最難,12,,N,,立体図形,断面図→相似/比の追跡,exam_rakunan_2022.pdf (render_auto/2022/p01-07.png),2022-Q7,大問7,0,0,,,14,,5.769230769230769,,,,,,,,,,,,,,,3.5,倍,0,R4
2021,A日程,1,(1),R3-Q1(1),計算（Q1）,数値,計算,分数;小数;四則,1,標準,2,,Y,,計算,約分・通分を丁寧に,exam_rakunan_2021.pdf (render_auto/2021/p02-08.png; crop_2021_q2_3_full.png),2021-Q1,0,0,0,,,3,,6,,,,,,,,,,,,,,,,,,R3
2021,A日程,1,(2),R3-Q1(2),計算（Q1）,数値,計算,分数;小数;四則,1,標準,2,,Y,,計算,約分・通分を丁寧に,exam_rakunan_2021.pdf (render_auto/2021/p02-08.png; crop_2021_q2_3_full.png),2021-Q1,0,0,0,,,3,,6,,,,,,,,,,,,,,,,,,R3
2021,A日程,1,(3),R3-Q1(3),計算（Q1）,数値,計算,分数;小数;四則,1,標準,2,,Y,,計算,約分・通分を丁寧に,exam_rakunan_2021.pdf (render_auto/2021/p02-08.png; crop_2021_q2_3_full.png),2021-Q1,0,0,0,,,3,,6,,,,,,,,,,,,,,,,,,R3
2021,A日程,1,(4),R3-Q1(4),計算（Q1）,数値,計算,分数;小数;四則,1,標準,2,,Y,,計算,約分・通分を丁寧に,exam_rakunan_2021.pdf (render_auto/2021/p02-08.png; crop_2021_q2_3_full.png),2021-Q1,0,0,0,,,3,,6,,,,,,,,,,,,,,,,,,R3
2021,A日程,1,(5),R3-Q1(5),計算（Q1）,数値,計算,分数;小数;四則,1,標準,2,,Y,,計算,約分・通分を丁寧に,exam_rakunan_2021.pdf (render_auto/2021/p02-08.png; crop_2021_q2_3_full.png),2021-Q1,0,0,0,,,3,,6,,,,,,,,,,,,,,,,,,R3
2021,A日程,2,エ,R3-Q2エ,桁当て（乗法）パズル（Q2の一部）,数字(0-9),数の性質,桁;筆算;条件整理,3,難,5,,Y,,数の性質,筆算の各桁の繰り上がりを追跡,exam_rakunan_2021.pdf (render_auto/2021/p02-08.png; crop_2021_q2_3_full.png),2021-Q2,0,0,0,,,8,,6,,,,,,,,,,,,,,,,,,R3
2021,A日程,2,オ,R3-Q2オ,桁当て（乗法）パズル（Q2の一部）,数字(0-9),数の性質,桁;筆算;条件整理,3,難,5,,Y,,数の性質,筆算の各桁の繰り上がりを追跡,exam_rakunan_2021.pdf (render_auto/2021/p02-08.png; crop_2021_q2_3_full.png),2021-Q2,0,0,0,,,8,,6,,,,,,,,,,,,,,,,,,R3
2021,A日程,2,カ,R3-Q2カ,桁当て（乗法）パズル（Q2の一部）,数字(0-9),数の性質,桁;筆算;条件整理,3,難,5,,Y,,数の性質,筆算の各桁の繰り上がりを追跡,exam_rakunan_2021.pdf (render_auto/2021/p02-08.png; crop_2021_q2_3_full.png),2021-Q2,0,0,0,,,8,,6,,,,,,,,,,,,,,,,,,R3
2021,A日程,2,キ,R3-Q2キ,桁当て（乗法）パズル（Q2の一部）,数字(0-9),数の性質,桁;筆算;条件整理,3,難,5,,Y,,数の性質,筆算の各桁の繰り上がりを追跡,exam_rakunan_2021.pdf (render_auto/2021/p02-08.png; crop_2021_q2_3_full.png),2021-Q2,0,0,0,,,8,,6,,,,,,,,,,,,,,,,,,R3
2021,A日程,3,(1),R3-Q3(1),図形の移動（Q3）,面積/長さ,図形,移動;面積;比例,4,かなり難,8,,N,,図形,相似・比例関係で一般化,exam_rakunan_2021.pdf (render_auto/2021/p02-08.png; crop_2021_q2_3_full.png),2021-Q3,0,0,0,,,11,,6,,,,,,,,,,,,,,,,,,R3
2021,A日程,3,(2),R3-Q3(2),図形の移動（Q3）,面積/長さ,図形,移動;面積;比例,4,かなり難,8,,N,,図形,相似・比例関係で一般化,exam_rakunan_2021.pdf (render_auto/2021/p02-08.png; crop_2021_q2_3_full.png),2021-Q3,0,0,0,,,11,,6,,,,,,,,,,,,,,,,,,R3
2021,A日程,3,(3),R3-Q3(3),図形の移動（Q3）,面積/長さ,図形,移動;面積;比例,4,かなり難,8,,N,,図形,相似・比例関係で一般化,exam_rakunan_2021.pdf (render_auto/2021/p02-08.png; crop_2021_q2_3_full.png),2021-Q3,0,0,0,,,11,,6,,,,,,,,,,,,,,,,,,R3
2021,A日程,4,(1),R3-Q4(1),食塩水（Q4）,濃度/量,割合,濃度;混合;割合,4,かなり難,8,,N,,文章題,食塩量保存と全体量で整理,exam_rakunan_2021.pdf (render_auto/2021/p02-08.png; crop_2021_q2_3_full.png),2021-Q4,0,0,0,,,11,,6,,,,,,,,,,,,,,,,,,R3
2021,A日程,4,(2),R3-Q4(2),食塩水（Q4）,濃度/量,割合,濃度;混合;割合,4,かなり難,8,,N,,文章題,食塩量保存と全体量で整理,exam_rakunan_2021.pdf (render_auto/2021/p02-08.png; crop_2021_q2_3_full.png),2021-Q4,0,0,0,,,11,,6,,,,,,,,,,,,,,,,,,R3
2021,A日程,4,(3),R3-Q4(3),食塩水（Q4）,濃度/量,割合,濃度;混合;割合,4,かなり難,8,,N,,文章題,食塩量保存と全体量で整理,exam_rakunan_2021.pdf (render_auto/2021/p02-08.png; crop_2021_q2_3_full.png),2021-Q4,0,0,0,,,11,,6,,,,,,,,,,,,,,,,,,R3
2021,A日程,5,(1),R3-Q5(1),操作・規則性（Q5）,数値/配置,規則性/場合の数,操作;置換;規則,5,最難,12,,N,,規則性,操作を写像として捉え周期性を調べる,exam_rakunan_2021.pdf (render_auto/2021/p02-08.png; crop_2021_q2_3_full.png),2021-Q5,0,0,0,,,14,,6,,,,,,,,,,,,,,,,,,R3
2021,A日程,5,(2),R3-Q5(2),操作・規則性（Q5）,数値/配置,規則性/場合の数,操作;置換;規則,5,最難,12,,N,,規則性,操作を写像として捉え周期性を調べる,exam_rakunan_2021.pdf (render_auto/2021/p02-08.png; crop_2021_q2_3_full.png),2021-Q5,0,0,0,,,14,,6,,,,,,,,,,,,,,,,,,R3
2021,A日程,5,(3)a,R3-Q5(3)a,操作・規則性（Q5）,数値/配置,規則性/場合の数,操作;置換;規則,5,最難,12,,N,,規則性,操作を写像として捉え周期性を調べる,exam_rakunan_2021.pdf (render_auto/2021/p02-08.png; crop_2021_q2_3_full.png),2021-Q5,0,0,0,,,14,,6,,,,,,,,,,,,,,,,,,R3
2021,A日程,5,(3)b,R3-Q5(3)b,操作・規則性（Q5）,数値/配置,規則性/場合の数,操作;置換;規則,5,最難,12,,N,,規則性,操作を写像として捉え周期性を調べる,exam_rakunan_2021.pdf (render_auto/2021/p02-08.png; crop_2021_q2_3_full.png),2021-Q5,0,0,0,,,14,,6,,,,,,,,,,,,,,,,,,R3
2021,A日程,5,(3)c,R3-Q5(3)c,操作・規則性（Q5）,数値/配置,規則性/場合の数,操作;置換;規則,5,最難,12,,N,,規則性,操作を写像として捉え周期性を調べる,exam_rakunan_2021.pdf (render_auto/2021/p02-08.png; crop_2021_q2_3_full.png),2021-Q5,0,0,0,,,14,,6,,,,,,,,,,,,,,,,,,R3
2021,A日程,5,(3)d,R3-Q5(3)d,操作・規則性（Q5）,数値/配置,規則性/場合の数,操作;置換;規則,5,最難,12,,N,,規則性,操作を写像として捉え周期性を調べる,exam_rakunan_2021.pdf (render_auto/2021/p02-08.png; crop_2021_q2_3_full.png),2021-Q5,0,0,0,,,14,,6,,,,,,,,,,,,,,,,,,R3
2021,A日程,6,(1),R3-Q6(1),立体（体積変化）（Q6）,体積,立体図形,体積;相似;比,5,最難,12,,N,,立体図形,高さと断面積の関係を式化,exam_rakunan_2021.pdf (render_auto/2021/p02-08.png; crop_2021_q2_3_full.png),2021-Q6,0,0,0,,,14,,6,,,,,,,,,,,,,,,,,,R3
2021,A日程,6,(2),R3-Q6(2),立体（体積変化）（Q6）,体積,立体図形,体積;相似;比,5,最難,12,,N,,立体図形,高さと断面積の関係を式化,exam_rakunan_2021.pdf (render_auto/2021/p02-08.png; crop_2021_q2_3_full.png),2021-Q6,0,0,0,,,14,,6,,,,,,,,,,,,,,,,,,R3
2021,A日程,6,(3),R3-Q6(3),立体（体積変化）（Q6）,体積,立体図形,体積;相似;比,5,最難,12,,N,,立体図形,高さと断面積の関係を式化,exam_rakunan_2021.pdf (render_auto/2021/p02-08.png; crop_2021_q2_3_full.png),2021-Q6,0,0,0,,,14,,6,,,,,,,,,,,,,,,,,,R3
2021,A日程,6,(4),R3-Q6(4),立体（体積変化）（Q6）,体積,立体図形,体積;相似;比,5,最難,12,,N,,立体図形,高さと断面積の関係を式化,exam_rakunan_2021.pdf (render_auto/2021/p02-08.png; crop_2021_q2_3_full.png),2021-Q6,0,0,0,,,14,,6,,,,,,,,,,,,,,,,,,R3
2020,A日程,1,(1),R2-Q1(1),計算・小問集合（Q1）,数値,計算,四則;分数;小数,1,標準,2,,Y,,計算,符号/括弧に注意,exam_rakunan_2020.pdf (answer sheet: 2020_last.png),2020-Q1,0,0,0,,,3,,5.172413793103448,,,,,,,,,,,,,,,,,,R2
2020,A日程,1,(2),R2-Q1(2),計算・小問集合（Q1）,数値,計算,四則;分数;小数,1,標準,2,,Y,,計算,符号/括弧に注意,exam_rakunan_2020.pdf (answer sheet: 2020_last.png),2020-Q1,0,0,0,,,3,,5.172413793103448,,,,,,,,,,,,,,,,,,R2
2020,A日程,1,(3),R2-Q1(3),計算・小問集合（Q1）,数値,計算,四則;分数;小数,1,標準,2,,Y,,計算,符号/括弧に注意,exam_rakunan_2020.pdf (answer sheet: 2020_last.png),2020-Q1,0,0,0,,,3,,5.172413793103448,,,,,,,,,,,,,,,,,,R2
2020,A日程,1,(4),R2-Q1(4),計算・小問集合（Q1）,数値,計算,四則;分数;小数,1,標準,2,,Y,,計算,符号/括弧に注意,exam_rakunan_2020.pdf (answer sheet: 2020_last.png),2020-Q1,0,0,0,,,3,,5.172413793103448,,,,,,,,,,,,,,,,,,R2
2020,A日程,1,(5),R2-Q1(5),計算・小問集合（Q1）,数値,計算,四則;分数;小数,1,標準,2,,Y,,計算,符号/括弧に注意,exam_rakunan_2020.pdf (answer sheet: 2020_last.png),2020-Q1,0,0,0,,,3,,5.172413793103448,,,,,,,,,,,,,,,,,,R2
2020,A日程,2,ア,R2-Q2ア,小問（Q2）,数値,図形/文章題,単位;条件整理,2,やや難,3,,Y,,文章題,図を書き条件整理,exam_rakunan_2020.pdf (answer sheet: 2020_last.png),2020-Q2,0,0,0,,,5,,5.172413793103448,,,,,,,,,,,,,,,,,,R2
2020,A日程,2,イ,R2-Q2イ,小問（Q2）,数値,図形/文章題,単位;条件整理,2,やや難,3,,Y,,文章題,図を書き条件整理,exam_rakunan_2020.pdf (answer sheet: 2020_last.png),2020-Q2,0,0,0,,,5,,5.172413793103448,,,,,,,,,,,,,,,,,,R2
2020,A日程,2,ウ,R2-Q2ウ,小問（Q2）,数値,図形/文章題,単位;条件整理,2,やや難,3,,Y,,文章題,図を書き条件整理,exam_rakunan_2020.pdf (answer sheet: 2020_last.png),2020-Q2,0,0,0,,,5,,5.172413793103448,,,,,,,,,,,,,,,,,,R2
2020,A日程,2,エ,R2-Q2エ,小問（Q2）,数値,図形/文章題,単位;条件整理,2,やや難,3,,Y,,文章題,図を書き条件整理,exam_rakunan_2020.pdf (answer sheet: 2020_last.png),2020-Q2,0,0,0,,,5,,5.172413793103448,,,,,,,,,,,,,,,,,,R2
2020,A日程,2,オ,R2-Q2オ,小問（Q2）,数値,図形/文章題,単位;条件整理,2,やや難,3,,Y,,文章題,図を書き条件整理,exam_rakunan_2020.pdf (answer sheet: 2020_last.png),2020-Q2,0,0,0,,,5,,5.172413793103448,,,,,,,,,,,,,,,,,,R2
2020,A日程,3,ア,R2-Q3ア,小問（Q3）,数値,割合/速さ,割合;速さ;文章題,3,難,4,,N,,文章題,単位を揃え、式で管理,exam_rakunan_2020.pdf (answer sheet: 2020_last.png),2020-Q3,0,0,0,,,8,,5.172413793103448,,,,,,,,,,,,,,,,,,R2
2020,A日程,3,イ,R2-Q3イ,小問（Q3）,数値,割合/速さ,割合;速さ;文章題,3,難,4,,N,,文章題,単位を揃え、式で管理,exam_rakunan_2020.pdf (answer sheet: 2020_last.png),2020-Q3,0,0,0,,,8,,5.172413793103448,,,,,,,,,,,,,,,,,,R2
2020,A日程,3,ウ,R2-Q3ウ,小問（Q3）,数値,割合/速さ,割合;速さ;文章題,3,難,4,,N,,文章題,単位を揃え、式で管理,exam_rakunan_2020.pdf (answer sheet: 2020_last.png),2020-Q3,0,0,0,,,8,,5.172413793103448,,,,,,,,,,,,,,,,,,R2
2020,A日程,3,エ,R2-Q3エ,小問（Q3）,数値,割合/速さ,割合;速さ;文章題,3,難,4,,N,,文章題,単位を揃え、式で管理,exam_rakunan_2020.pdf (answer sheet: 2020_last.png),2020-Q3,0,0,0,,,8,,5.172413793103448,,,,,,,,,,,,,,,,,,R2
2020,A日程,3,オ,R2-Q3オ,小問（Q3）,数値,割合/速さ,割合;速さ;文章題,3,難,4,,N,,文章題,単位を揃え、式で管理,exam_rakunan_2020.pdf (answer sheet: 2020_last.png),2020-Q3,0,0,0,,,8,,5.172413793103448,,,,,,,,,,,,,,,,,,R2
2020,A日程,4,(1),R2-Q4(1),小問（Q4）,数値,数の性質,整数;条件,3,難,5,,N,,数の性質,条件を場合分けして列挙,exam_rakunan_2020.pdf (answer sheet: 2020_last.png),2020-Q4,0,0,0,,,8,,5.172413793103448,,,,,,,,,,,,,,,,,,R2
2020,A日程,4,(2),R2-Q4(2),小問（Q4）,数値,数の性質,整数;条件,3,難,5,,N,,数の性質,条件を場合分けして列挙,exam_rakunan_2020.pdf (answer sheet: 2020_last.png),2020-Q4,0,0,0,,,8,,5.172413793103448,,,,,,,,,,,,,,,,,,R2
2020,A日程,4,(3),R2-Q4(3),小問（Q4）,数値,数の性質,整数;条件,3,難,5,,N,,数の性質,条件を場合分けして列挙,exam_rakunan_2020.pdf (answer sheet: 2020_last.png),2020-Q4,0,0,0,,,8,,5.172413793103448,,,,,,,,,,,,,,,,,,R2
2020,A日程,5,(1)ア,R2-Q5(1)ア,大問5（Q5）,数値,図形/規則性,図形;面積;条件整理,4,かなり難,8,,N,,図形,図の情報整理→式化,exam_rakunan_2020.pdf (answer sheet: 2020_last.png),2020-Q5,0,0,0,,,11,,5.172413793103448,,,,,,,,,,,,,,,,,,R2
2020,A日程,5,(1)イ,R2-Q5(1)イ,大問5（Q5）,数値,図形/規則性,図形;面積;条件整理,4,かなり難,8,,N,,図形,図の情報整理→式化,exam_rakunan_2020.pdf (answer sheet: 2020_last.png),2020-Q5,0,0,0,,,11,,5.172413793103448,,,,,,,,,,,,,,,,,,R2
2020,A日程,5,(1)ウ,R2-Q5(1)ウ,大問5（Q5）,数値,図形/規則性,図形;面積;条件整理,4,かなり難,8,,N,,図形,図の情報整理→式化,exam_rakunan_2020.pdf (answer sheet: 2020_last.png),2020-Q5,0,0,0,,,11,,5.172413793103448,,,,,,,,,,,,,,,,,,R2
2020,A日程,5,(1)エ,R2-Q5(1)エ,大問5（Q5）,数値,図形/規則性,図形;面積;条件整理,4,かなり難,8,,N,,図形,図の情報整理→式化,exam_rakunan_2020.pdf (answer sheet: 2020_last.png),2020-Q5,0,0,0,,,11,,5.172413793103448,,,,,,,,,,,,,,,,,,R2
2020,A日程,5,(2),R2-Q5(2),大問5（Q5）,数値,図形/規則性,図形;面積;条件整理,4,かなり難,8,,N,,図形,図の情報整理→式化,exam_rakunan_2020.pdf (answer sheet: 2020_last.png),2020-Q5,0,0,0,,,11,,5.172413793103448,,,,,,,,,,,,,,,,,,R2
2020,A日程,5,(3),R2-Q5(3),大問5（Q5）,数値,図形/規則性,図形;面積;条件整理,4,かなり難,8,,N,,図形,図の情報整理→式化,exam_rakunan_2020.pdf (answer sheet: 2020_last.png),2020-Q5,0,0,0,,,11,,5.172413793103448,,,,,,,,,,,,,,,,,,R2
2020,A日程,5,(4),R2-Q5(4),大問5（Q5）,数値,図形/規則性,図形;面積;条件整理,4,かなり難,8,,N,,図形,図の情報整理→式化,exam_rakunan_2020.pdf (answer sheet: 2020_last.png),2020-Q5,0,0,0,,,11,,5.172413793103448,,,,,,,,,,,,,,,,,,R2
2020,A日程,6,(1),R2-Q6(1),大問6（Q6）,比/数値,比/速さ,比;比例;文章題,5,最難,10,,N,,文章題,比を揃え、未知数を置く,exam_rakunan_2020.pdf (answer sheet: 2020_last.png),2020-Q6,0,0,0,,,14,,5.172413793103448,,,,,,,,,,,,,,,,,,R2
2020,A日程,6,(2),R2-Q6(2),大問6（Q6）,比/数値,比/速さ,比;比例;文章題,5,最難,10,,N,,文章題,比を揃え、未知数を置く,exam_rakunan_2020.pdf (answer sheet: 2020_last.png),2020-Q6,0,0,0,,,14,,5.172413793103448,,,,,,,,,,,,,,,,,,R2
2020,A日程,6,(3),R2-Q6(3),大問6（Q6）,比/数値,比/速さ,比;比例;文章題,5,最難,10,,N,,文章題,比を揃え、未知数を置く,exam_rakunan_2020.pdf (answer sheet: 2020_last.png),2020-Q6,0,0,0,,,14,,5.172413793103448,,,,,,,,,,,,,,,,,,R2
2020,A日程,6,(4),R2-Q6(4),大問6（Q6）,比/数値,比/速さ,比;比例;文章題,5,最難,10,,N,,文章題,比を揃え、未知数を置く,exam_rakunan_2020.pdf (answer sheet: 2020_last.png),2020-Q6,0,0,0,,,14,,5.172413793103448,,,,,,,,,,,,,,,,,,R2
2019,A日程,1,(1),H31-Q1(1),計算・小問集合（Q1）,数値,計算,四則;分数;小数,1,標準,2,,Y,,計算,途中式を残す,exam_rakunan_2019.pdf (answer sheet: render_auto/2019/p08.png),2019-Q1,0,0,0,,,3,,4.166666666666667,,,,,,,,,,,,,,,,,,H31
2019,A日程,1,(2),H31-Q1(2),計算・小問集合（Q1）,数値,計算,四則;分数;小数,1,標準,2,,Y,,計算,途中式を残す,exam_rakunan_2019.pdf (answer sheet: render_auto/2019/p08.png),2019-Q1,0,0,0,,,3,,4.166666666666667,,,,,,,,,,,,,,,,,,H31
2019,A日程,1,(3),H31-Q1(3),計算・小問集合（Q1）,数値,計算,四則;分数;小数,1,標準,2,,Y,,計算,途中式を残す,exam_rakunan_2019.pdf (answer sheet: render_auto/2019/p08.png),2019-Q1,0,0,0,,,3,,4.166666666666667,,,,,,,,,,,,,,,,,,H31
2019,A日程,1,(4),H31-Q1(4),計算・小問集合（Q1）,数値,計算,四則;分数;小数,1,標準,2,,Y,,計算,途中式を残す,exam_rakunan_2019.pdf (answer sheet: render_auto/2019/p08.png),2019-Q1,0,0,0,,,3,,4.166666666666667,,,,,,,,,,,,,,,,,,H31
2019,A日程,1,(5),H31-Q1(5),計算・小問集合（Q1）,数値,計算,四則;分数;小数,1,標準,2,,Y,,計算,途中式を残す,exam_rakunan_2019.pdf (answer sheet: render_auto/2019/p08.png),2019-Q1,0,0,0,,,3,,4.166666666666667,,,,,,,,,,,,,,,,,,H31
2019,A日程,2,ア,H31-Q2ア,小問（Q2）,角度/長さ/比/面積,図形,角度;長さ;面積;比,3,難,5,,Y,,図形,相似/面積比を意識,exam_rakunan_2019.pdf (answer sheet: render_auto/2019/p08.png),2019-Q2,0,0,0,,,8,,4.166666666666667,,,,,,,,,,,,,,,,,,H31
2019,A日程,2,イ,H31-Q2イ,小問（Q2）,角度/長さ/比/面積,図形,角度;長さ;面積;比,3,難,5,,Y,,図形,相似/面積比を意識,exam_rakunan_2019.pdf (answer sheet: render_auto/2019/p08.png),2019-Q2,0,0,0,,,8,,4.166666666666667,,,,,,,,,,,,,,,,,,H31
2019,A日程,2,ウ,H31-Q2ウ,小問（Q2）,角度/長さ/比/面積,図形,角度;長さ;面積;比,3,難,5,,Y,,図形,相似/面積比を意識,exam_rakunan_2019.pdf (answer sheet: render_auto/2019/p08.png),2019-Q2,0,0,0,,,8,,4.166666666666667,,,,,,,,,,,,,,,,,,H31
2019,A日程,2,エ,H31-Q2エ,小問（Q2）,角度/長さ/比/面積,図形,角度;長さ;面積;比,3,難,5,,Y,,図形,相似/面積比を意識,exam_rakunan_2019.pdf (answer sheet: render_auto/2019/p08.png),2019-Q2,0,0,0,,,8,,4.166666666666667,,,,,,,,,,,,,,,,,,H31
2019,A日程,2,オ,H31-Q2オ,小問（Q2）,角度/長さ/比/面積,図形,角度;長さ;面積;比,3,難,5,,Y,,図形,相似/面積比を意識,exam_rakunan_2019.pdf (answer sheet: render_auto/2019/p08.png),2019-Q2,0,0,0,,,8,,4.166666666666667,,,,,,,,,,,,,,,,,,H31
2019,A日程,3,ア,H31-Q3ア,文章題（Q3）,時間/回数/%/重さ/倍,割合/速さ,割合;速さ;単位換算,4,かなり難,7,,N,,文章題,単位換算→式化→検算,exam_rakunan_2019.pdf (answer sheet: render_auto/2019/p08.png),2019-Q3,0,0,0,,,11,,4.166666666666667,,,,,,,,,,,,,,,,,,H31
2019,A日程,3,イ,H31-Q3イ,文章題（Q3）,時間/回数/%/重さ/倍,割合/速さ,割合;速さ;単位換算,4,かなり難,7,,N,,文章題,単位換算→式化→検算,exam_rakunan_2019.pdf (answer sheet: render_auto/2019/p08.png),2019-Q3,0,0,0,,,11,,4.166666666666667,,,,,,,,,,,,,,,,,,H31
2019,A日程,3,ウ,H31-Q3ウ,文章題（Q3）,時間/回数/%/重さ/倍,割合/速さ,割合;速さ;単位換算,4,かなり難,7,,N,,文章題,単位換算→式化→検算,exam_rakunan_2019.pdf (answer sheet: render_auto/2019/p08.png),2019-Q3,0,0,0,,,11,,4.166666666666667,,,,,,,,,,,,,,,,,,H31
2019,A日程,3,エ,H31-Q3エ,文章題（Q3）,時間/回数/%/重さ/倍,割合/速さ,割合;速さ;単位換算,4,かなり難,7,,N,,文章題,単位換算→式化→検算,exam_rakunan_2019.pdf (answer sheet: render_auto/2019/p08.png),2019-Q3,0,0,0,,,11,,4.166666666666667,,,,,,,,,,,,,,,,,,H31
2019,A日程,3,オ,H31-Q3オ,文章題（Q3）,時間/回数/%/重さ/倍,割合/速さ,割合;速さ;単位換算,4,かなり難,7,,N,,文章題,単位換算→式化→検算,exam_rakunan_2019.pdf (answer sheet: render_auto/2019/p08.png),2019-Q3,0,0,0,,,11,,4.166666666666667,,,,,,,,,,,,,,,,,,H31
2019,A日程,3,カ,H31-Q3カ,文章題（Q3）,時間/回数/%/重さ/倍,割合/速さ,割合;速さ;単位換算,4,かなり難,7,,N,,文章題,単位換算→式化→検算,exam_rakunan_2019.pdf (answer sheet: render_auto/2019/p08.png),2019-Q3,0,0,0,,,11,,4.166666666666667,,,,,,,,,,,,,,,,,,H31
2019,A日程,3,キ,H31-Q3キ,文章題（Q3）,時間/回数/%/重さ/倍,割合/速さ,割合;速さ;単位換算,4,かなり難,7,,N,,文章題,単位換算→式化→検算,exam_rakunan_2019.pdf (answer sheet: render_auto/2019/p08.png),2019-Q3,0,0,0,,,11,,4.166666666666667,,,,,,,,,,,,,,,,,,H31
2019,A日程,4,(1)長針周,H31-Q4(1)長針周,時計の針（Q4）,回/度/時間,角度/速さ,角度;周期;比例,4,かなり難,8,,N,,文章題,針の回転を速さとして扱う,exam_rakunan_2019.pdf (answer sheet: render_auto/2019/p08.png),2019-Q4,0,0,0,,,11,,4.166666666666667,,,,,,,,,,,,,,,,,,H31
2019,A日程,4,(1)短針周,H31-Q4(1)短針周,時計の針（Q4）,回/度/時間,角度/速さ,角度;周期;比例,4,かなり難,8,,N,,文章題,針の回転を速さとして扱う,exam_rakunan_2019.pdf (answer sheet: render_auto/2019/p08.png),2019-Q4,0,0,0,,,11,,4.166666666666667,,,,,,,,,,,,,,,,,,H31
2019,A日程,4,(2)長針度,H31-Q4(2)長針度,時計の針（Q4）,回/度/時間,角度/速さ,角度;周期;比例,4,かなり難,8,,N,,文章題,針の回転を速さとして扱う,exam_rakunan_2019.pdf (answer sheet: render_auto/2019/p08.png),2019-Q4,0,0,0,,,11,,4.166666666666667,,,,,,,,,,,,,,,,,,H31
2019,A日程,4,(2)短針度,H31-Q4(2)短針度,時計の針（Q4）,回/度/時間,角度/速さ,角度;周期;比例,4,かなり難,8,,N,,文章題,針の回転を速さとして扱う,exam_rakunan_2019.pdf (answer sheet: render_auto/2019/p08.png),2019-Q4,0,0,0,,,11,,4.166666666666667,,,,,,,,,,,,,,,,,,H31
2019,A日程,4,(3),H31-Q4(3),時計の針（Q4）,回/度/時間,角度/速さ,角度;周期;比例,4,かなり難,8,,N,,文章題,針の回転を速さとして扱う,exam_rakunan_2019.pdf (answer sheet: render_auto/2019/p08.png),2019-Q4,0,0,0,,,11,,4.166666666666667,,,,,,,,,,,,,,,,,,H31
2019,A日程,4,(4)ア,H31-Q4(4)ア,時計の針（Q4）,回/度/時間,角度/速さ,角度;周期;比例,4,かなり難,8,,N,,文章題,針の回転を速さとして扱う,exam_rakunan_2019.pdf (answer sheet: render_auto/2019/p08.png),2019-Q4,0,0,0,,,11,,4.166666666666667,,,,,,,,,,,,,,,,,,H31
2019,A日程,4,(4)イ,H31-Q4(4)イ,時計の針（Q4）,回/度/時間,角度/速さ,角度;周期;比例,4,かなり難,8,,N,,文章題,針の回転を速さとして扱う,exam_rakunan_2019.pdf (answer sheet: render_auto/2019/p08.png),2019-Q4,0,0,0,,,11,,4.166666666666667,,,,,,,,,,,,,,,,,,H31
2019,A日程,5,(1),H31-Q5(1),立体の展開/作図（Q5）,作図/数値,立体図形,展開図;位置関係,5,最難,10,,N,,立体図形,展開図で辺対応を確認,exam_rakunan_2019.pdf (answer sheet: render_auto/2019/p08.png),2019-Q5,0,0,0,,,14,,4.166666666666667,,,,,,,,,,,,,,,,,,H31
2019,A日程,5,(2)ア,H31-Q5(2)ア,立体の展開/作図（Q5）,作図/数値,立体図形,展開図;位置関係,5,最難,10,,N,,立体図形,展開図で辺対応を確認,exam_rakunan_2019.pdf (answer sheet: render_auto/2019/p08.png),2019-Q5,0,0,0,,,14,,4.166666666666667,,,,,,,,,,,,,,,,,,H31
2019,A日程,5,(2)イ,H31-Q5(2)イ,立体の展開/作図（Q5）,作図/数値,立体図形,展開図;位置関係,5,最難,10,,N,,立体図形,展開図で辺対応を確認,exam_rakunan_2019.pdf (answer sheet: render_auto/2019/p08.png),2019-Q5,0,0,0,,,14,,4.166666666666667,,,,,,,,,,,,,,,,,,H31
2019,A日程,5,(2)ウ,H31-Q5(2)ウ,立体の展開/作図（Q5）,作図/数値,立体図形,展開図;位置関係,5,最難,10,,N,,立体図形,展開図で辺対応を確認,exam_rakunan_2019.pdf (answer sheet: render_auto/2019/p08.png),2019-Q5,0,0,0,,,14,,4.166666666666667,,,,,,,,,,,,,,,,,,H31
2019,A日程,6,(1)ア,H31-Q6(1)ア,場合の数（Q6）,通り数,場合の数,数え上げ;条件整理,5,最難,10,,N,,場合の数,樹形図/場合分けで整理,exam_rakunan_2019.pdf (answer sheet: render_auto/2019/p08.png),2019-Q6,0,0,0,,,14,,4.166666666666667,,,,,,,,,,,,,,,,,,H31
2019,A日程,6,(1)イ,H31-Q6(1)イ,場合の数（Q6）,通り数,場合の数,数え上げ;条件整理,5,最難,10,,N,,場合の数,樹形図/場合分けで整理,exam_rakunan_2019.pdf (answer sheet: render_auto/2019/p08.png),2019-Q6,0,0,0,,,14,,4.166666666666667,,,,,,,,,,,,,,,,,,H31
2019,A日程,6,(2),H31-Q6(2),場合の数（Q6）,通り数,場合の数,数え上げ;条件整理,5,最難,10,,N,,場合の数,樹形図/場合分けで整理,exam_rakunan_2019.pdf (answer sheet: render_auto/2019/p08.png),2019-Q6,0,0,0,,,14,,4.166666666666667,,,,,,,,,,,,,,,,,,H31
2019,A日程,6,(3),H31-Q6(3),場合の数（Q6）,通り数,場合の数,数え上げ;条件整理,5,最難,10,,N,,場合の数,樹形図/場合分けで整理,exam_rakunan_2019.pdf (answer sheet: render_auto/2019/p08.png),2019-Q6,0,0,0,,,14,,4.166666666666667,,,,,,,,,,,,,,,,,,H31
2019,A日程,6,(4),H31-Q6(4),場合の数（Q6）,通り数,場合の数,数え上げ;条件整理,5,最難,10,,N,,場合の数,樹形図/場合分けで整理,exam_rakunan_2019.pdf (answer sheet: render_auto/2019/p08.png),2019-Q6,0,0,0,,,14,,4.166666666666667,,,,,,,,,,,,,,,,,,H31
2019,A日程,7,(1),H31-Q7(1),場合の数（Q7）,通り数,場合の数,数え上げ,5,最難,10,,N,,場合の数,重複除去・対称性,exam_rakunan_2019.pdf (answer sheet: render_auto/2019/p08.png),2019-Q7,大問8,0,0,,,14,,4.166666666666667,,,,,,,,,,,,,,,,,,H31
2019,A日程,7,(2),H31-Q7(2),場合の数（Q7）,通り数,場合の数,数え上げ,5,最難,10,,N,,場合の数,重複除去・対称性,exam_rakunan_2019.pdf (answer sheet: render_auto/2019/p08.png),2019-Q7,大問8,0,0,,,14,,4.166666666666667,,,,,,,,,,,,,,,,,,H31
2019,A日程,7,(3),H31-Q7(3),場合の数（Q7）,通り数,場合の数,数え上げ,5,最難,10,,N,,場合の数,重複除去・対称性,exam_rakunan_2019.pdf (answer sheet: render_auto/2019/p08.png),2019-Q7,大問8,0,0,,,14,,4.166666666666667,,,,,,,,,,,,,,,,,,H31
2018,A日程,1,(1),H30-Q1(1),計算（Q1）,数値,計算,四則;分数;小数,1,標準,2,,Y,,計算,□が複数ある場合は同じ数条件を確認,2018洛南.pdf (render_auto/2018/p01-07.png),2018-Q1,0,0,0,,,3,,5.172413793103448,,,,,,,,,,,,,,,,,,H30
2018,A日程,1,(2),H30-Q1(2),計算（Q1）,数値,計算,四則;分数;小数,1,標準,2,,Y,,計算,□が複数ある場合は同じ数条件を確認,2018洛南.pdf (render_auto/2018/p01-07.png),2018-Q1,0,0,0,,,3,,5.172413793103448,,,,,,,,,,,,,,,,,,H30
2018,A日程,1,(3),H30-Q1(3),計算（Q1）,数値,計算,四則;分数;小数,1,標準,2,,Y,,計算,□が複数ある場合は同じ数条件を確認,2018洛南.pdf (render_auto/2018/p01-07.png),2018-Q1,0,0,0,,,3,,5.172413793103448,,,,,,,,,,,,,,,,,,H30
2018,A日程,1,(4)①,H30-Q1(4)①,計算（Q1）,数値,計算,四則;分数;小数,1,標準,2,,Y,,計算,□が複数ある場合は同じ数条件を確認,2018洛南.pdf (render_auto/2018/p01-07.png),2018-Q1,0,0,0,,,3,,5.172413793103448,,,,,,,,,,,,,,,,,,H30
2018,A日程,1,(4)②,H30-Q1(4)②,計算（Q1）,数値,計算,四則;分数;小数,1,標準,2,,Y,,計算,□が複数ある場合は同じ数条件を確認,2018洛南.pdf (render_auto/2018/p01-07.png),2018-Q1,0,0,0,,,3,,5.172413793103448,,,,,,,,,,,,,,,,,,H30
2018,A日程,1,(4)③,H30-Q1(4)③,計算（Q1）,数値,計算,四則;分数;小数,1,標準,2,,Y,,計算,□が複数ある場合は同じ数条件を確認,2018洛南.pdf (render_auto/2018/p01-07.png),2018-Q1,0,0,0,,,3,,5.172413793103448,,,,,,,,,,,,,,,,,,H30
2018,A日程,1,(5),H30-Q1(5),計算（Q1）,数値,計算,四則;分数;小数,1,標準,2,,Y,,計算,□が複数ある場合は同じ数条件を確認,2018洛南.pdf (render_auto/2018/p01-07.png),2018-Q1,0,0,0,,,3,,5.172413793103448,,,,,,,,,,,,,,,,,,H30
2018,A日程,1,(6),H30-Q1(6),計算（Q1）,数値,計算,四則;分数;小数,1,標準,2,,Y,,計算,□が複数ある場合は同じ数条件を確認,2018洛南.pdf (render_auto/2018/p01-07.png),2018-Q1,0,0,0,,,3,,5.172413793103448,,,,,,,,,,,,,,,,,,H30
2018,A日程,2,エ,H30-Q2エ,円運動・回転/濃さ（Q2の一部）,数値,速さ/割合,円周;回転;濃度,3,難,5,,Y,,文章題,1周の長さ→回転数、濃度は量保存,2018洛南.pdf (render_auto/2018/p01-07.png),2018-Q2,0,0,0,,,8,,5.172413793103448,,,,,,,,,,,,,,,,,,H30
2018,A日程,2,オ,H30-Q2オ,円運動・回転/濃さ（Q2の一部）,数値,速さ/割合,円周;回転;濃度,3,難,5,,Y,,文章題,1周の長さ→回転数、濃度は量保存,2018洛南.pdf (render_auto/2018/p01-07.png),2018-Q2,0,0,0,,,8,,5.172413793103448,,,,,,,,,,,,,,,,,,H30
2018,A日程,2,カ,H30-Q2カ,円運動・回転/濃さ（Q2の一部）,数値,速さ/割合,円周;回転;濃度,3,難,5,,Y,,文章題,1周の長さ→回転数、濃度は量保存,2018洛南.pdf (render_auto/2018/p01-07.png),2018-Q2,0,0,0,,,8,,5.172413793103448,,,,,,,,,,,,,,,,,,H30
2018,A日程,2,キ,H30-Q2キ,円運動・回転/濃さ（Q2の一部）,数値,速さ/割合,円周;回転;濃度,3,難,5,,Y,,文章題,1周の長さ→回転数、濃度は量保存,2018洛南.pdf (render_auto/2018/p01-07.png),2018-Q2,0,0,0,,,8,,5.172413793103448,,,,,,,,,,,,,,,,,,H30
2018,A日程,3,(1),H30-Q3(1),通路と部屋（Q3）,作図/通り数/平均,場合の数,グラフ;数え上げ;平均,4,かなり難,8,,N,,場合の数,固定→数え上げ→平均は合計/個数,2018洛南.pdf (render_auto/2018/p01-07.png),2018-Q3,0,0,0,,,11,,5.172413793103448,,,,,,,,,,,,,,,,,,H30
2018,A日程,3,(2),H30-Q3(2),通路と部屋（Q3）,作図/通り数/平均,場合の数,グラフ;数え上げ;平均,4,かなり難,8,,N,,場合の数,固定→数え上げ→平均は合計/個数,2018洛南.pdf (render_auto/2018/p01-07.png),2018-Q3,0,0,0,,,11,,5.172413793103448,,,,,,,,,,,,,,,,,,H30
2018,A日程,3,(3),H30-Q3(3),通路と部屋（Q3）,作図/通り数/平均,場合の数,グラフ;数え上げ;平均,4,かなり難,8,,N,,場合の数,固定→数え上げ→平均は合計/個数,2018洛南.pdf (render_auto/2018/p01-07.png),2018-Q3,0,0,0,,,11,,5.172413793103448,,,,,,,,,,,,,,,,,,H30
2018,A日程,3,(4),H30-Q3(4),通路と部屋（Q3）,作図/通り数/平均,場合の数,グラフ;数え上げ;平均,4,かなり難,8,,N,,場合の数,固定→数え上げ→平均は合計/個数,2018洛南.pdf (render_auto/2018/p01-07.png),2018-Q3,0,0,0,,,11,,5.172413793103448,,,,,,,,,,,,,,,,,,H30
2018,A日程,4,(1)ア,H30-Q4(1)ア,円・角度・弦（Q4）,比/角度/長さ,図形,円周角;相似;弦,5,最難,10,,N,,図形,円周角・接線の性質を利用,2018洛南.pdf (render_auto/2018/p01-07.png),2018-Q4,0,0,0,,,14,,5.172413793103448,,,,,,,,,,,,,,,,,,H30
2018,A日程,4,(1)イ,H30-Q4(1)イ,円・角度・弦（Q4）,比/角度/長さ,図形,円周角;相似;弦,5,最難,10,,N,,図形,円周角・接線の性質を利用,2018洛南.pdf (render_auto/2018/p01-07.png),2018-Q4,0,0,0,,,14,,5.172413793103448,,,,,,,,,,,,,,,,,,H30
2018,A日程,4,(2)あ,H30-Q4(2)あ,円・角度・弦（Q4）,比/角度/長さ,図形,円周角;相似;弦,5,最難,10,,N,,図形,円周角・接線の性質を利用,2018洛南.pdf (render_auto/2018/p01-07.png),2018-Q4,0,0,0,,,14,,5.172413793103448,,,,,,,,,,,,,,,,,,H30
2018,A日程,4,(2)い,H30-Q4(2)い,円・角度・弦（Q4）,比/角度/長さ,図形,円周角;相似;弦,5,最難,10,,N,,図形,円周角・接線の性質を利用,2018洛南.pdf (render_auto/2018/p01-07.png),2018-Q4,0,0,0,,,14,,5.172413793103448,,,,,,,,,,,,,,,,,,H30
2018,A日程,4,(3),H30-Q4(3),円・角度・弦（Q4）,比/角度/長さ,図形,円周角;相似;弦,5,最難,10,,N,,図形,円周角・接線の性質を利用,2018洛南.pdf (render_auto/2018/p01-07.png),2018-Q4,0,0,0,,,14,,5.172413793103448,,,,,,,,,,,,,,,,,,H30
2018,A日程,5,(1),H30-Q5(1),0/1カードの並べ方（Q5）,通り数,場合の数,数え上げ;条件付き,5,最難,10,,N,,場合の数,ブロック化・漸化式も検討,2018洛南.pdf (render_auto/2018/p01-07.png),2018-Q5,0,0,0,,,14,,5.172413793103448,,,,,,,,,,,,,,,,,,H30
2018,A日程,5,(2),H30-Q5(2),0/1カードの並べ方（Q5）,通り数,場合の数,数え上げ;条件付き,5,最難,10,,N,,場合の数,ブロック化・漸化式も検討,2018洛南.pdf (render_auto/2018/p01-07.png),2018-Q5,0,0,0,,,14,,5.172413793103448,,,,,,,,,,,,,,,,,,H30
2018,A日程,5,(3),H30-Q5(3),0/1カードの並べ方（Q5）,通り数,場合の数,数え上げ;条件付き,5,最難,10,,N,,場合の数,ブロック化・漸化式も検討,2018洛南.pdf (render_auto/2018/p01-07.png),2018-Q5,0,0,0,,,14,,5.172413793103448,,,,,,,,,,,,,,,,,,H30
2018,A日程,5,(4),H30-Q5(4),0/1カードの並べ方（Q5）,通り数,場合の数,数え上げ;条件付き,5,最難,10,,N,,場合の数,ブロック化・漸化式も検討,2018洛南.pdf (render_auto/2018/p01-07.png),2018-Q5,0,0,0,,,14,,5.172413793103448,,,,,,,,,,,,,,,,,,H30
2018,A日程,6,(1),H30-Q6(1),立体（Q6）,体積/倍率,立体図形,体積;比;積み上げ,5,最難,12,,N,,立体図形,断面積×高さ、相似比→体積比,2018洛南.pdf (render_auto/2018/p01-07.png),2018-Q6,0,0,0,,,14,,5.172413793103448,,,,,,,,,,,,,,,,,,H30
2018,A日程,6,(2),H30-Q6(2),立体（Q6）,体積/倍率,立体図形,体積;比;積み上げ,5,最難,12,,N,,立体図形,断面積×高さ、相似比→体積比,2018洛南.pdf (render_auto/2018/p01-07.png),2018-Q6,0,0,0,,,14,,5.172413793103448,,,,,,,,,,,,,,,,,,H30
2018,A日程,6,(3),H30-Q6(3),立体（Q6）,体積/倍率,立体図形,体積;比;積み上げ,5,最難,12,,N,,立体図形,断面積×高さ、相似比→体積比,2018洛南.pdf (render_auto/2018/p01-07.png),2018-Q6,0,0,0,,,14,,5.172413793103448,,,,,,,,,,,,,,,,,,H30
2018,A日程,6,(4),H30-Q6(4),立体（Q6）,体積/倍率,立体図形,体積;比;積み上げ,5,最難,12,,N,,立体図形,断面積×高さ、相似比→体積比,2018洛南.pdf (render_auto/2018/p01-07.png),2018-Q6,0,0,0,,,14,,5.172413793103448,,,,,,,,,,,,,,,,,,H30
2017,A日程,1,(1),H29-Q1(1),計算・小問集合（Q1）,数値,計算,四則;分数;小数,1,標準,2,,Y,,計算,計算の優先順位を守る,2017洛南.pdf (answer sheet: render_auto/2017/p08.png),2017-Q1,0,0,0,,,3,,4.838709677419355,,,,,,,,,,,,,,,,,,H29
2017,A日程,1,(2),H29-Q1(2),計算・小問集合（Q1）,数値,計算,四則;分数;小数,1,標準,2,,Y,,計算,計算の優先順位を守る,2017洛南.pdf (answer sheet: render_auto/2017/p08.png),2017-Q1,0,0,0,,,3,,4.838709677419355,,,,,,,,,,,,,,,,,,H29
2017,A日程,1,(3),H29-Q1(3),計算・小問集合（Q1）,数値,計算,四則;分数;小数,1,標準,2,,Y,,計算,計算の優先順位を守る,2017洛南.pdf (answer sheet: render_auto/2017/p08.png),2017-Q1,0,0,0,,,3,,4.838709677419355,,,,,,,,,,,,,,,,,,H29
2017,A日程,1,(4),H29-Q1(4),計算・小問集合（Q1）,数値,計算,四則;分数;小数,1,標準,2,,Y,,計算,計算の優先順位を守る,2017洛南.pdf (answer sheet: render_auto/2017/p08.png),2017-Q1,0,0,0,,,3,,4.838709677419355,,,,,,,,,,,,,,,,,,H29
2017,A日程,1,(5),H29-Q1(5),計算・小問集合（Q1）,数値,計算,四則;分数;小数,1,標準,2,,Y,,計算,計算の優先順位を守る,2017洛南.pdf (answer sheet: render_auto/2017/p08.png),2017-Q1,0,0,0,,,3,,4.838709677419355,,,,,,,,,,,,,,,,,,H29
2017,A日程,2,(1),H29-Q2(1),小問（Q2）,人数/角度/比,図形/文章題,角度;比;条件整理,3,難,5,,Y,,図形,図に情報を書き込み比を整理,2017洛南.pdf (answer sheet: render_auto/2017/p08.png),2017-Q2,0,0,0,,,8,,4.838709677419355,,,,,,,,,,,,,,,,,,H29
2017,A日程,2,(2),H29-Q2(2),小問（Q2）,人数/角度/比,図形/文章題,角度;比;条件整理,3,難,5,,Y,,図形,図に情報を書き込み比を整理,2017洛南.pdf (answer sheet: render_auto/2017/p08.png),2017-Q2,0,0,0,,,8,,4.838709677419355,,,,,,,,,,,,,,,,,,H29
2017,A日程,2,(3),H29-Q2(3),小問（Q2）,人数/角度/比,図形/文章題,角度;比;条件整理,3,難,5,,Y,,図形,図に情報を書き込み比を整理,2017洛南.pdf (answer sheet: render_auto/2017/p08.png),2017-Q2,0,0,0,,,8,,4.838709677419355,,,,,,,,,,,,,,,,,,H29
2017,A日程,3,(1),H29-Q3(1),線分比・面積比（Q3）,比,図形,比;面積比;相似,4,かなり難,7,,N,,図形,比→面積比へ,2017洛南.pdf (answer sheet: render_auto/2017/p08.png),2017-Q3,0,0,0,,,11,,4.838709677419355,,,,,,,,,,,,,,,,,,H29
2017,A日程,3,(2),H29-Q3(2),線分比・面積比（Q3）,比,図形,比;面積比;相似,4,かなり難,7,,N,,図形,比→面積比へ,2017洛南.pdf (answer sheet: render_auto/2017/p08.png),2017-Q3,0,0,0,,,11,,4.838709677419355,,,,,,,,,,,,,,,,,,H29
2017,A日程,3,(3),H29-Q3(3),線分比・面積比（Q3）,比,図形,比;面積比;相似,4,かなり難,7,,N,,図形,比→面積比へ,2017洛南.pdf (answer sheet: render_auto/2017/p08.png),2017-Q3,0,0,0,,,11,,4.838709677419355,,,,,,,,,,,,,,,,,,H29
2017,A日程,4,(1),H29-Q4(1),小問（Q4）,数値,数の性質/文章題,条件整理,4,かなり難,7,,N,,文章題,条件を式化して解く,2017洛南.pdf (answer sheet: render_auto/2017/p08.png),2017-Q4,0,0,0,,,11,,4.838709677419355,,,,,,,,,,,,,,,,,,H29
2017,A日程,4,(2),H29-Q4(2),小問（Q4）,数値,数の性質/文章題,条件整理,4,かなり難,7,,N,,文章題,条件を式化して解く,2017洛南.pdf (answer sheet: render_auto/2017/p08.png),2017-Q4,0,0,0,,,11,,4.838709677419355,,,,,,,,,,,,,,,,,,H29
2017,A日程,4,(3),H29-Q4(3),小問（Q4）,数値,数の性質/文章題,条件整理,4,かなり難,7,,N,,文章題,条件を式化して解く,2017洛南.pdf (answer sheet: render_auto/2017/p08.png),2017-Q4,0,0,0,,,11,,4.838709677419355,,,,,,,,,,,,,,,,,,H29
2017,A日程,5,(1),H29-Q5(1),速さ（Q5）,比/時刻/時間,速さ,速さ;比;時間,4,かなり難,8,,N,,文章題,速さ比→距離比、時刻は分で統一,2017洛南.pdf (answer sheet: render_auto/2017/p08.png),2017-Q5,0,0,0,,,11,,4.838709677419355,,,,,,,,,,,,,,,,,,H29
2017,A日程,5,(2),H29-Q5(2),速さ（Q5）,比/時刻/時間,速さ,速さ;比;時間,4,かなり難,8,,N,,文章題,速さ比→距離比、時刻は分で統一,2017洛南.pdf (answer sheet: render_auto/2017/p08.png),2017-Q5,0,0,0,,,11,,4.838709677419355,,,,,,,,,,,,,,,,,,H29
2017,A日程,5,(3),H29-Q5(3),速さ（Q5）,比/時刻/時間,速さ,速さ;比;時間,4,かなり難,8,,N,,文章題,速さ比→距離比、時刻は分で統一,2017洛南.pdf (answer sheet: render_auto/2017/p08.png),2017-Q5,0,0,0,,,11,,4.838709677419355,,,,,,,,,,,,,,,,,,H29
2017,A日程,5,(4),H29-Q5(4),速さ（Q5）,比/時刻/時間,速さ,速さ;比;時間,4,かなり難,8,,N,,文章題,速さ比→距離比、時刻は分で統一,2017洛南.pdf (answer sheet: render_auto/2017/p08.png),2017-Q5,0,0,0,,,11,,4.838709677419355,,,,,,,,,,,,,,,,,,H29
2017,A日程,6,(1),H29-Q6(1),数量関係（Q6）,冊数/回数/数値,文章題,条件整理;整数,4,かなり難,8,,N,,文章題,未知数を置いて連立,2017洛南.pdf (answer sheet: render_auto/2017/p08.png),2017-Q6,0,0,0,,,11,,4.838709677419355,,,,,,,,,,,,,,,,,,H29
2017,A日程,6,(2),H29-Q6(2),数量関係（Q6）,冊数/回数/数値,文章題,条件整理;整数,4,かなり難,8,,N,,文章題,未知数を置いて連立,2017洛南.pdf (answer sheet: render_auto/2017/p08.png),2017-Q6,0,0,0,,,11,,4.838709677419355,,,,,,,,,,,,,,,,,,H29
2017,A日程,6,(3),H29-Q6(3),数量関係（Q6）,冊数/回数/数値,文章題,条件整理;整数,4,かなり難,8,,N,,文章題,未知数を置いて連立,2017洛南.pdf (answer sheet: render_auto/2017/p08.png),2017-Q6,0,0,0,,,11,,4.838709677419355,,,,,,,,,,,,,,,,,,H29
2017,A日程,6,(4),H29-Q6(4),数量関係（Q6）,冊数/回数/数値,文章題,条件整理;整数,4,かなり難,8,,N,,文章題,未知数を置いて連立,2017洛南.pdf (answer sheet: render_auto/2017/p08.png),2017-Q6,0,0,0,,,11,,4.838709677419355,,,,,,,,,,,,,,,,,,H29
2017,A日程,7,(1)あ,H29-Q7(1)あ,規則性/パズル（Q7）,数値/図,規則性,条件整理,5,最難,10,,N,,規則性,条件を表にして矛盾なく埋める,2017洛南.pdf (answer sheet: render_auto/2017/p08.png),2017-Q7,0,0,0,,,14,,4.838709677419355,,,,,,,,,,,,,,,,,,H29
2017,A日程,7,(1)い,H29-Q7(1)い,規則性/パズル（Q7）,数値/図,規則性,条件整理,5,最難,10,,N,,規則性,条件を表にして矛盾なく埋める,2017洛南.pdf (answer sheet: render_auto/2017/p08.png),2017-Q7,0,0,0,,,14,,4.838709677419355,,,,,,,,,,,,,,,,,,H29
2017,A日程,7,(1)う,H29-Q7(1)う,規則性/パズル（Q7）,数値/図,規則性,条件整理,5,最難,10,,N,,規則性,条件を表にして矛盾なく埋める,2017洛南.pdf (answer sheet: render_auto/2017/p08.png),2017-Q7,0,0,0,,,14,,4.838709677419355,,,,,,,,,,,,,,,,,,H29
2017,A日程,7,(2),H29-Q7(2),規則性/パズル（Q7）,数値/図,規則性,条件整理,5,最難,10,,N,,規則性,条件を表にして矛盾なく埋める,2017洛南.pdf (answer sheet: render_auto/2017/p08.png),2017-Q7,0,0,0,,,14,,4.838709677419355,,,,,,,,,,,,,,,,,,H29
2017,A日程,8,(1),H29-Q8(1),立体・倍率（Q8）,倍率/作図,立体図形,表面積;体積;比,5,最難,12,,N,,立体図形,相似比→表面積比/体積比,2017洛南.pdf (answer sheet: render_auto/2017/p08.png),2017-Q8,大問7,0,0,,,14,,4.838709677419355,,,,,,,,,,,,,,,,,,H29
2017,A日程,8,(2)表,H29-Q8(2)表,立体・倍率（Q8）,倍率/作図,立体図形,表面積;体積;比,5,最難,12,,N,,立体図形,相似比→表面積比/体積比,2017洛南.pdf (answer sheet: render_auto/2017/p08.png),2017-Q8,大問7,0,0,,,14,,4.838709677419355,,,,,,,,,,,,,,,,,,H29
2017,A日程,8,(2)体,H29-Q8(2)体,立体・倍率（Q8）,倍率/作図,立体図形,表面積;体積;比,5,最難,12,,N,,立体図形,相似比→表面積比/体積比,2017洛南.pdf (answer sheet: render_auto/2017/p08.png),2017-Q8,大問7,0,0,,,14,,4.838709677419355,,,,,,,,,,,,,,,,,,H29
2017,A日程,8,(3),H29-Q8(3),立体・倍率（Q8）,倍率/作図,立体図形,表面積;体積;比,5,最難,12,,N,,立体図形,相似比→表面積比/体積比,2017洛南.pdf (answer sheet: render_auto/2017/p08.png),2017-Q8,大問7,0,0,,,14,,4.838709677419355,,,,,,,,,,,,,,,,,,H29
2017,A日程,8,(4),H29-Q8(4),立体・倍率（Q8）,倍率/作図,立体図形,表面積;体積;比,5,最難,12,,N,,立体図形,相似比→表面積比/体積比,2017洛南.pdf (answer sheet: render_auto/2017/p08.png),2017-Q8,大問7,0,0,,,14,,4.838709677419355,,,,,,,,,,,,,,,,,,H29
